City_ID,City,Lat,Lng,Max Temp,Humidity,Cloudiness,Wind Speed,Country,Date
0,blackmans bay,-43.0167,147.3167,13.67,75,87,5.34,AU,1702954050
1,pandan,14.0453,124.1694,27.63,83,100,6.58,PH,1702954050
2,nemuro,43.3236,145.575,-3.66,57,25,7.93,JP,1702954050
3,waitangi,-43.9535,-176.5597,12.73,71,60,3.25,NZ,1702954050
4,puerto ayora,-0.7393,-90.3518,24.75,93,55,0.89,EC,1702954050
5,flying fish cove,-10.4217,105.6791,28.82,61,33,3.6,CX,1702954050
6,isafjordur,66.0755,-23.124,-1.24,81,100,5.18,IS,1702954050
7,fort st. john,56.2499,-120.8529,-5.06,86,75,4.63,CA,1702954050
8,port-aux-francais,-49.35,70.2167,7.11,83,91,14.7,TF,1702954050
9,zemetchino,53.4973,42.6163,1.19,99,100,4.92,RU,1702953949
10,grytviken,-54.2811,-36.5092,1.79,77,25,1.17,GS,1702954050
11,edinburgh of the seven seas,-37.0676,-12.3116,14.95,80,59,9.13,SH,1702954050
12,east london,-33.0153,27.9116,18.77,85,20,2.06,ZA,1702953908
13,georgetown,5.4112,100.3354,31.08,73,20,5.14,MY,1702954050
14,ornskoldsvik,63.2909,18.7153,-0.47,100,100,1.54,SE,1702953949
15,puerto natales,-51.7236,-72.4875,8.51,82,96,1.95,CL,1702954046
16,port lincoln,-34.7333,135.8667,17.04,56,2,8.61,AU,1702954051
17,yellowknife,62.456,-114.3525,-23.58,77,20,3.6,CA,1702954051
18,esil,51.9556,66.4042,-9.56,96,100,3.02,KZ,1702953950
19,minas de marcona,-15.2119,-75.1103,16.3,87,81,4.97,PE,1702954051
20,stanley,54.868,-1.6985,8.62,86,40,4.12,GB,1702954051
21,margaret river,-33.95,115.0667,24.56,36,2,2.01,AU,1702954051
22,hamilton,39.1834,-84.5333,-0.78,70,100,8.23,US,1702953920
23,udachny,66.4167,112.4,-28.6,96,82,1.25,RU,1702954051
24,adamstown,-25.066,-130.1015,22.85,79,100,6.54,PN,1702954051
25,college,64.8569,-147.8028,-11.82,81,100,0.0,US,1702954051
26,la ronge,55.1001,-105.2842,-2.86,68,0,3.6,CA,1702954051
27,carnarvon,-24.8667,113.6333,25.21,69,16,5.32,AU,1702954051
28,ta`u,-14.2336,-169.5144,27.98,80,89,3.38,AS,1702954051
29,aracati,-4.5617,-37.7697,26.24,85,96,4.42,BR,1702953950
30,sao joao da barra,-21.6403,-41.0511,23.5,90,0,2.24,BR,1702953950
31,atafu village,-8.5421,-172.5159,29.45,75,90,3.21,TK,1702954052
32,mazamet,43.49,2.373,5.17,90,0,0.0,FR,1702953950
33,neijiang,29.5835,105.0622,7.72,53,7,1.73,CN,1702953746
34,petropavlovsk-kamchatsky,53.0452,158.6483,-4.67,83,40,4.02,RU,1702954052
35,iqaluit,63.7506,-68.5145,-29.59,85,8,2.96,CA,1702954052
36,arraial do cabo,-22.9661,-42.0278,21.98,94,20,2.06,BR,1702954052
37,puerto aysen,-45.4,-72.7,6.35,98,7,0.37,CL,1702954052
38,albany,42.6001,-73.9662,6.23,85,60,3.57,US,1702954052
39,kurchatov,51.6601,35.6521,2.23,100,100,3.07,RU,1702953950
40,papatowai,-46.5619,169.4708,19.03,53,99,2.8,NZ,1702954052
41,konarka,19.9,86.1167,18.22,48,13,4.98,IN,1702953950
42,akureyri,65.6835,-18.0878,-3.04,86,0,0.0,IS,1702954052
43,ghat,24.9647,10.1728,7.44,76,24,3.35,LY,1702953950
44,bikenibeu village,1.3673,173.1241,25.98,94,100,5.66,KI,1702953950
45,prince rupert,54.3161,-130.3201,5.83,94,100,6.69,CA,1702953725
46,amuntai,-2.4177,115.2494,32.43,56,67,1.44,ID,1702953950
47,sungailiat,-1.85,106.1333,29.06,70,87,2.3,ID,1702953952
48,tolanaro,-25.0319,46.9987,24.04,88,40,1.03,MG,1702953952
49,sur,22.5667,59.5289,21.06,58,6,2.85,OM,1702954052
50,west island,-12.1568,96.8225,28.99,65,18,4.12,CC,1702954053
51,shendi,16.6915,33.4341,21.65,61,0,3.99,SD,1702953952
52,west valley,46.5921,-120.6051,2.75,91,100,0.0,US,1702953799
53,colonia,50.9333,6.95,6.36,83,100,4.12,DE,1702953998
54,nova sintra,14.8667,-24.7167,21.25,69,11,5.37,CV,1702954053
55,chabahar,25.2919,60.643,20.18,66,0,3.24,IR,1702953952
56,borovskoy,53.8,64.15,-14.22,95,7,3.76,KZ,1702953952
57,keflavik,64.0049,-22.5624,1.24,75,75,9.77,IS,1702954053
58,bilibino,68.0546,166.4372,-32.79,98,100,0.44,RU,1702954053
59,hammerfest,70.6634,23.6821,-0.75,93,100,0.0,NO,1702954053
60,ushuaia,-54.8,-68.3,11.81,71,0,7.2,AR,1702954053
61,mildura,-34.2,142.15,24.48,46,65,9.98,AU,1702953952
62,bredasdorp,-34.5322,20.0403,14.04,75,0,1.61,ZA,1702954053
63,dolores,-36.3132,-57.6792,12.0,69,81,4.39,AR,1702953952
64,kani keli,-12.9536,45.1033,26.59,69,100,2.09,YT,1702953952
65,g'uzor,38.6214,66.2522,2.02,83,78,1.88,UZ,1702953952
66,ribeira grande,38.5167,-28.7,14.32,91,100,10.28,PT,1702954053
67,jamestown,42.097,-79.2353,0.95,100,100,7.72,US,1702954054
68,esbjerg,55.4667,8.45,8.39,97,75,7.2,DK,1702953952
69,mamers,48.3333,0.25,4.48,96,41,2.94,FR,1702953952
70,faya-largeau,17.9257,19.1043,19.8,36,2,8.14,TD,1702953952
71,port mathurin,-19.6833,63.4167,26.67,81,32,7.56,MU,1702954054
72,barra de santo antonio,-9.4047,-35.5072,24.6,85,100,4.36,BR,1702954054
73,zahedan,29.4963,60.8629,2.95,52,0,2.06,IR,1702953952
74,panauti,27.5814,85.5124,7.18,87,40,1.54,NP,1702953953
75,mirpur sakro,24.5474,67.6277,16.99,32,91,5.8,PK,1702953953
76,thompson,55.7435,-97.8558,-8.91,79,20,4.63,CA,1702954054
77,susuman,62.7833,148.1667,-34.5,100,98,0.69,RU,1702954054
78,invercargill,-46.4,168.35,20.44,40,100,2.69,NZ,1702954054
79,mejit,10.2753,170.8646,27.05,75,16,9.99,MH,1702954054
80,presidente epitacio,-21.7633,-52.1156,25.07,71,41,1.25,BR,1702953954
81,banda aceh,5.5577,95.3222,28.46,75,99,4.35,ID,1702953954
82,magadan,59.5667,150.8,-22.06,84,63,5.32,RU,1702954054
83,aasiaat,68.7098,-52.8699,-12.54,85,100,10.66,GL,1702953954
84,port saint john's,-31.6229,29.5448,20.52,84,100,3.24,ZA,1702953954
85,mahriz,31.5917,54.4318,1.28,38,98,0.87,IR,1702953954
86,yamada,39.4667,141.95,2.89,53,100,0.78,JP,1702953954
87,dunedin,-45.8742,170.5036,18.29,70,100,5.01,NZ,1702953975
88,khandyga,62.6667,135.6,-41.76,97,100,0.71,RU,1702954055
89,fort bragg,35.139,-79.006,9.34,66,100,8.75,US,1702954055
90,shorewood,41.52,-88.2017,-4.39,70,0,5.66,US,1702953821
91,kidal,18.4411,1.4078,13.19,25,100,6.62,ML,1702954055
92,portland,45.5234,-122.6762,8.82,74,100,5.66,US,1702953508
93,san luis de la loma,17.2706,-100.8939,24.92,85,12,2.42,MX,1702953954
94,ust-nera,64.5667,143.2,-34.67,98,98,1.6,RU,1702954055
95,port alfred,-33.5906,26.891,17.88,99,99,3.08,ZA,1702954055
96,ilulissat,69.2167,-51.1,-9.99,67,75,8.23,GL,1702954055
97,whitby,54.4877,-0.615,10.17,84,100,1.34,GB,1702953954
98,haimen,23.1935,116.6142,17.94,62,0,4.18,CN,1702953955
99,al manshah,26.4769,31.8035,15.14,77,0,3.09,EG,1702953955
100,muravlenko,63.7898,74.523,-12.84,93,100,9.05,RU,1702954055
101,morant bay,17.8815,-76.4093,26.79,85,96,3.58,JM,1702953955
102,north bondi,-33.8824,151.2769,33.97,66,100,2.57,AU,1702953955
103,lebu,-37.6167,-73.65,11.77,84,9,7.22,CL,1702954055
104,pisco,-13.7,-76.2167,21.03,88,40,7.2,PE,1702954055
105,okhotsk,59.3833,143.3,-25.56,86,17,8.09,RU,1702954055
106,sredets,42.3475,27.179,1.06,74,0,1.29,BG,1702953955
107,whitehorse,60.7161,-135.0538,-12.33,87,20,1.34,CA,1702954055
108,vorgashor,67.5833,63.95,-14.56,87,100,5.55,RU,1702954056
109,olonkinbyen,70.9221,-8.7187,-3.56,69,100,3.73,SJ,1702954056
110,quezon,7.7303,125.0989,30.27,65,99,1.06,PH,1702953955
111,hadibu,12.65,54.0333,24.45,80,83,6.57,YE,1702953956
112,yanam,16.7333,82.2167,24.23,65,55,3.5,IN,1702953956
113,afif,23.9065,42.9172,11.23,42,58,3.9,SA,1702953956
114,nampula,-15.1165,39.2666,23.97,94,0,2.24,MZ,1702953956
115,kristiansund,63.1115,7.732,5.36,70,75,15.43,NO,1702954057
116,kargopol',61.5071,38.9456,-0.55,93,100,4.21,RU,1702953956
117,dabakala,8.3667,-4.4333,22.4,19,18,2.54,CI,1702953956
118,constantia,44.1833,28.65,2.61,75,6,3.47,RO,1702954057
119,sao desiderio,-12.3633,-44.9733,21.15,88,85,2.01,BR,1702953956
120,port elizabeth,-33.918,25.5701,16.84,91,80,1.54,ZA,1702954057
121,carloforte,39.145,8.3058,12.29,69,2,1.27,IT,1702953957
122,kerikeri,-35.2268,173.9474,22.32,64,41,2.36,NZ,1702954057
123,bamboo flat,11.7,92.7167,30.05,74,20,3.6,IN,1702953957
124,puerto baquerizo moreno,-0.9,-89.6,24.14,89,83,4.9,EC,1702954057
125,ndele,8.4109,20.6473,23.33,32,100,1.85,CF,1702953957
126,utrik,11.2278,169.8474,26.84,78,17,10.09,MH,1702954057
127,palikir - national government center,6.9248,158.1611,30.47,70,100,6.17,FM,1702954057
128,santa elena de uairen,4.6167,-61.1333,22.31,76,100,1.11,VE,1702953957
129,port-cartier,50.0334,-66.8654,7.08,97,100,2.0,CA,1702953957
130,vadso,70.0744,29.7487,-1.91,80,48,10.29,NO,1702954058
131,talnakh,69.4865,88.3972,-13.77,75,100,9.33,RU,1702954058
132,bethel,41.3712,-73.414,7.19,71,75,2.57,US,1702954058
133,badger,64.8,-147.5333,-11.86,85,100,0.0,US,1702954058
134,beipiao,41.7919,120.7792,-14.13,62,33,8.51,CN,1702953957
135,gadzhiyevo,69.2551,33.3362,-10.39,88,8,5.86,RU,1702953957
136,hawaiian paradise park,19.5933,-154.9731,22.24,93,100,4.63,US,1702954058
137,andovoranto,-18.95,49.1,25.06,86,60,3.2,MG,1702953957
138,nuuk,64.1835,-51.7216,-7.66,86,100,2.06,GL,1702953780
139,mount pleasant,32.7941,-79.8626,12.08,65,0,4.63,US,1702953810
140,hermanus,-34.4187,19.2345,14.73,79,0,4.27,ZA,1702954058
141,warrnambool,-38.3833,142.4833,16.05,54,71,7.48,AU,1702953957
142,saint-philippe,-21.3585,55.7679,26.77,76,0,0.37,RE,1702954058
143,wotho,10.1657,166.0102,27.17,76,3,9.34,MH,1702953957
144,cabo san lucas,22.8909,-109.9124,25.42,64,91,3.12,MX,1702954058
145,port blair,11.6667,92.75,30.02,74,20,3.6,IN,1702953958
146,karystos,38.0133,24.4161,13.89,77,0,5.7,GR,1702953959
147,polyarnyy,69.1989,33.4478,-10.18,88,9,5.72,RU,1702954058
148,kodiak,57.79,-152.4072,-2.27,74,100,2.57,US,1702953994
149,christchurch,-43.5333,172.6333,22.52,78,100,8.75,NZ,1702953900
150,sitka,57.0531,-135.33,0.94,75,0,0.0,US,1702954059
151,vilyuchinsk,52.9306,158.4028,-3.85,76,62,2.69,RU,1702954059
152,la passe,45.5549,-0.8967,3.13,86,18,0.67,FR,1702954059
153,nova prata,-28.7839,-51.61,20.71,99,100,1.12,BR,1702953669
154,westport,41.1415,-73.3579,7.89,69,0,5.14,US,1702953959
155,saipan,15.1355,145.701,30.39,74,40,9.77,MP,1702954060
156,chonchi,-42.6128,-73.8092,12.56,85,0,1.61,CL,1702954060
157,congonhas,-20.4997,-43.8578,18.04,93,96,1.07,BR,1702953959
158,fallon,39.4735,-118.7774,3.93,60,75,5.14,US,1702954060
159,meizhou,24.2977,116.1072,14.19,59,72,2.91,CN,1702954060
160,lospalos,-8.5186,127.0025,30.84,53,80,1.94,TL,1702953959
161,illizi,26.4833,8.4667,6.89,89,18,2.81,DZ,1702953959
162,penzance,50.1186,-5.5371,13.2,95,100,9.89,GB,1702954060
163,kitzbuhel,47.4464,12.3922,2.99,96,3,2.55,AT,1702953959
164,pionerskiy,54.9508,20.2275,6.91,92,100,12.15,RU,1702953959
165,tual,-5.6667,132.75,28.6,80,54,6.95,ID,1702953959
166,porto novo,6.4965,2.6036,25.9,82,100,1.93,BJ,1702954060
167,ambon,-3.6954,128.1814,32.08,62,40,2.57,ID,1702954060
168,amguri,26.8,94.5333,19.14,69,8,1.3,IN,1702953959
169,flin flon,54.7682,-101.865,-4.68,88,51,4.06,CA,1702954060
170,matlang,10.8902,124.4554,28.68,73,97,6.64,PH,1702953959
171,sungai penuh,-2.0833,101.3833,19.2,97,100,0.44,ID,1702953959
172,songjianghe,42.1859,127.479,-12.95,85,100,1.58,CN,1702953960
173,acolla,-11.7319,-75.5463,11.22,80,100,1.61,PE,1702953961
174,kaspiyskiy,45.3929,47.3707,4.49,96,100,7.43,RU,1702953961
175,alice springs,-23.7,133.8833,30.75,27,19,6.17,AU,1702953961
176,richards bay,-28.783,32.0377,22.01,93,100,6.22,ZA,1702954060
177,anadyr,64.75,177.4833,-18.72,78,100,5.0,RU,1702954060
178,brisas de zicatela,15.8369,-97.0419,24.06,85,58,1.2,MX,1702954061
179,mankono,8.0586,-6.1897,20.9,23,7,2.42,CI,1702953961
180,haapajarvi,63.75,25.3333,-0.86,94,100,3.1,FI,1702953961
181,wailua homesteads,22.0669,-159.378,26.24,78,75,10.29,US,1702954062
182,tiksi,71.6872,128.8694,-18.53,90,100,6.13,RU,1702954062
183,gebeit,21.0667,36.3167,16.74,65,2,2.79,SD,1702953961
184,cheat lake,39.672,-79.8534,0.53,90,100,3.09,US,1702953961
185,longyearbyen,78.2186,15.6401,-4.09,68,20,5.66,SJ,1702953893
186,vilyuysk,63.7553,121.6247,-25.56,98,100,2.68,RU,1702954062
187,reggane,26.7158,0.1714,8.65,49,0,3.56,DZ,1702953961
188,lompoc,34.6391,-120.4579,16.44,89,100,4.63,US,1702954062
189,rensselaer,42.7168,-73.4829,4.69,85,95,3.77,US,1702953893
190,dudinka,69.4058,86.1778,-13.54,83,100,13.41,RU,1702954062
191,kamyshevatskaya,46.4132,37.9563,5.94,92,100,2.54,RU,1702953961
192,najafabad,32.6344,51.3668,-4.7,37,100,1.05,IR,1702953961
193,verkh-chebula,56.0308,87.6218,-29.71,95,34,1.98,RU,1702953961
194,castillos,-34.1667,-53.8333,14.99,94,100,5.63,UY,1702954062
195,avarua,-21.2078,-159.775,26.03,78,75,7.72,CK,1702954062
196,cadale,2.7603,46.3222,25.74,81,85,8.61,SO,1702954062
197,garissa,-0.4536,39.6401,24.72,84,34,2.31,KE,1702953962
198,ati,13.2154,18.3353,21.24,32,99,4.4,TD,1702953962
199,haiku-pauwela,20.9219,-156.3051,25.01,72,40,8.23,US,1702954062
200,kreminna,49.0495,38.2179,1.59,100,100,2.4,UA,1702953962
201,chul'man,56.8479,124.9104,-33.29,97,100,2.13,RU,1702953962
202,taltal,-25.4,-70.4833,18.05,80,5,1.62,CL,1702953621
203,bel ombre,-4.6167,55.4167,25.91,89,20,1.54,SC,1702953962
204,port macquarie,-31.4333,152.9167,29.38,65,68,8.82,AU,1702953783
205,guarapari,-20.6667,-40.4975,22.72,94,24,1.75,BR,1702953939
206,pantai remis,4.4557,100.6288,28.01,78,100,1.22,MY,1702953962
207,qaqortoq,60.7167,-46.0333,-5.07,83,100,4.42,GL,1702954063
208,berezovyy,51.6667,135.7,-18.85,88,99,1.08,RU,1702953962
209,uige,-7.6087,15.0613,20.19,97,100,0.96,AO,1702953962
210,touros,-5.1989,-35.4608,26.43,79,100,3.92,BR,1702953923
211,xique xique,-10.8217,-42.7311,24.6,66,85,2.01,BR,1702953963
212,n'zeto,-7.2312,12.8666,25.78,90,100,2.36,AO,1702953963
213,massawa,15.6097,39.45,25.74,73,14,1.17,ER,1702953963
214,igarka,67.4667,86.5833,-18.22,85,100,11.58,RU,1702954063
215,kourou,5.1552,-52.6478,26.03,91,24,2.77,GF,1702953963
216,acarau,-2.8856,-40.12,26.18,86,100,3.69,BR,1702953963
217,san patricio,28.017,-97.5169,16.92,59,99,3.55,US,1702954064
218,marka,1.7159,44.7717,25.29,82,41,6.57,SO,1702953963
219,fort mcmurray,56.7268,-111.381,-2.27,59,0,4.12,CA,1702954064
220,boguchany,58.3814,97.4531,-32.3,100,11,0.45,RU,1702953963
221,baikonur,45.6167,63.3167,-3.59,83,67,4.84,KZ,1702953963
222,devrek,41.2192,31.9558,5.35,76,8,1.67,TR,1702953963
223,cidreira,-30.1811,-50.2056,23.0,91,100,4.66,BR,1702953963
224,la union,-5.4,-80.75,23.81,72,78,6.79,PE,1702953963
225,tsiombe,-25.3,45.4833,23.04,85,46,2.9,MG,1702954064
226,urumqi,43.801,87.6005,-23.47,84,75,1.0,CN,1702953963
227,tqvarch'eli,42.8404,41.6801,4.26,84,94,1.52,GE,1702953963
228,broome,42.2506,-75.833,2.94,85,49,2.24,US,1702953964
229,leava,-14.3,-178.1667,28.83,76,72,6.05,WF,1702953964
230,tocopilla,-22.092,-70.1979,19.37,81,30,0.4,CL,1702953964
231,kyrenia,35.3417,33.3167,8.75,48,0,2.13,CY,1702953964
232,extrema,-22.8547,-46.3183,17.59,91,11,1.42,BR,1702953964
233,happy valley-goose bay,53.3168,-60.3315,9.17,71,100,9.26,CA,1702954064
234,kadnikov,59.5022,40.338,-2.88,92,99,3.92,RU,1702953964
235,swakopmund,-22.6833,14.5333,16.66,85,99,4.02,NA,1702953964
236,okha,53.5739,142.9478,-19.27,91,79,8.9,RU,1702953964
237,gurupi,-11.7292,-49.0686,24.74,72,89,3.11,BR,1702953964
238,chilca,-12.5211,-76.7372,20.17,92,90,3.07,PE,1702953964
239,homosassa springs,28.8036,-82.5759,12.3,80,0,1.54,US,1702953964
240,zarechnyy,53.2036,45.1923,0.41,88,100,4.92,RU,1702953964
241,tarawa,1.419,172.984,26.05,94,100,5.66,KI,1702953964
242,gazojak,41.1875,61.4036,-2.18,66,0,2.75,TM,1702953964
243,punta arenas,-53.15,-70.9167,11.06,71,75,6.17,CL,1702954066
244,eirunepe,-6.6603,-69.8736,24.3,92,99,0.92,BR,1702954066
245,kanggye,40.9695,126.5852,-8.27,84,100,0.92,KP,1702953964
246,princeville,45.7668,-61.2985,13.57,94,100,13.38,CA,1702953965
247,remire-montjoly,4.9167,-52.2667,26.02,94,20,0.0,GF,1702954066
248,luang namtha,20.9497,101.4011,17.01,100,100,1.03,LA,1702953966
249,kavaratti,10.5669,72.642,24.58,91,100,1.58,IN,1702953966
250,waingapu,-9.6567,120.2641,29.27,59,100,1.79,ID,1702953966
251,sanctuary point,-35.1114,150.629,24.86,61,100,5.96,AU,1702953966
252,jablanica,43.6603,17.7617,-0.93,59,0,2.27,BA,1702953966
253,oum hadjer,13.2954,19.6966,22.28,31,83,4.24,TD,1702953966
254,ocean shores,46.9737,-124.1563,10.01,97,100,5.14,US,1702953966
255,holualoa,19.6228,-155.9522,23.21,82,100,4.12,US,1702954066
256,klyuchi,52.2667,79.1667,-12.19,57,100,8.83,RU,1702954066
257,corinto,37.9407,22.9573,10.37,51,0,1.21,GR,1702953966
258,ola,59.5833,151.2833,-22.53,84,36,5.37,RU,1702954066
259,dyurtyuli,55.4911,54.8688,-4.95,96,100,3.88,RU,1702953966
260,pyt-yakh,60.7499,72.8582,-12.97,93,100,5.65,RU,1702953966
261,lihue,21.9789,-159.3672,26.58,72,75,10.29,US,1702954067
262,zouerate,22.7187,-12.4521,10.82,28,4,5.92,MR,1702953966
263,mossel bay,-34.1831,22.146,14.96,68,42,1.68,ZA,1702954067
264,kasongo,-4.45,26.6667,19.97,99,95,0.14,CD,1702953967
265,weno,7.4515,151.8468,30.97,70,40,5.66,FM,1702953967
266,st. john's,47.5649,-52.7093,7.6,92,75,10.29,CA,1702954067
267,pamanukan,-6.2842,107.8106,30.43,61,100,1.92,ID,1702953967
268,ndioum,16.5129,-14.6471,19.02,14,100,6.95,SN,1702953967
269,sisimiut,66.9395,-53.6735,-9.86,78,100,14.72,GL,1702953967
270,nikolayevsk-on-amure,53.1406,140.73,-20.92,78,27,3.47,RU,1702953967
271,kargasok,59.0556,80.8572,-16.0,76,100,8.43,RU,1702953967
272,marica,-22.9194,-42.8186,24.97,93,2,3.36,BR,1702953784
273,inhambane,-23.865,35.3833,24.53,90,67,2.8,MZ,1702953967
274,tir pul,34.5943,61.269,3.19,81,100,3.09,AF,1702953967
275,enewetak,11.3474,162.3373,27.34,77,27,8.88,MH,1702954068
276,quchan,37.106,58.5095,-0.14,91,89,4.04,IR,1702953967
277,aykhal,66.0,111.5,-22.81,87,86,1.69,RU,1702954068
278,turinskaya sloboda,57.6232,64.3858,-15.69,98,70,2.27,RU,1702953967
279,novodvinsk,64.4165,40.8122,-2.34,97,98,1.86,RU,1702953967
280,lazaro cardenas,17.9583,-102.2,25.28,83,9,1.63,MX,1702953968
281,bargaal,11.2864,51.0773,24.42,76,76,6.7,SO,1702953968
282,lauro de freitas,-12.8944,-38.3272,27.01,78,40,5.66,BR,1702953968
283,ancud,-41.8697,-73.8203,10.85,65,0,2.64,CL,1702954066
284,lethbridge,49.7,-112.8186,6.27,48,20,6.17,CA,1702953759
285,barclayville,4.6797,-8.2339,24.84,88,97,0.13,LR,1702953968
286,al burayqah,30.4062,19.5739,14.67,74,1,5.54,LY,1702953968
287,zwolen,51.3554,21.5877,7.79,76,100,4.89,PL,1702953968
288,three points,32.0767,-111.3137,20.77,15,0,0.0,US,1702953968
289,gao,16.6362,1.637,14.84,23,79,5.52,ML,1702953968
290,yanykurgan,43.915,67.2481,-2.61,86,69,3.82,KZ,1702953968
291,port douglas,-16.4833,145.4667,26.26,75,95,4.08,AU,1702953968
292,tidjikja,18.5564,-11.4271,12.87,25,98,10.09,MR,1702953968
293,zemio,5.0314,25.1361,23.89,41,93,1.58,CF,1702953968
294,gornozavodsk,58.3758,58.3211,-9.28,97,98,2.05,RU,1702953969
295,tommot,58.9564,126.2925,-28.9,93,100,4.28,RU,1702954068
296,luanda,-8.8368,13.2343,26.0,89,75,1.03,AO,1702953969
297,margate,51.3813,1.3862,12.15,88,100,4.92,GB,1702954069
298,hotan,37.0997,79.9269,-3.17,41,8,1.48,CN,1702953969
299,sinop,41.7711,34.8709,4.17,72,96,2.58,TR,1702953969
300,protaras,35.0125,34.0583,8.95,54,0,5.9,CY,1702953969
301,pitimbu,-7.4706,-34.8086,27.33,81,99,3.46,BR,1702953969
302,guiberoua,6.2392,-6.1727,20.08,86,50,0.74,CI,1702953969
303,kapuskasing,49.4169,-82.4331,-12.95,85,100,9.26,CA,1702954021
304,mariental,-24.6333,17.9667,22.23,22,63,4.07,NA,1702953969
305,talcahuano,-36.7167,-73.1167,13.82,72,0,6.17,CL,1702953969
306,raja,8.4596,25.678,22.1,34,78,1.84,SS,1702953969
307,syktyvkar,61.6764,50.8099,-2.15,93,75,3.0,RU,1702953969
308,chingirlau,51.095,54.0814,-4.16,97,100,3.82,KZ,1702953684
309,dickinson,29.4608,-95.0513,17.05,69,0,2.57,US,1702953970
310,phak hai,14.4574,100.3699,28.34,54,40,4.73,TH,1702953970
311,gambiran satu,-8.3939,114.1464,30.39,46,26,3.22,ID,1702953970
312,vila franca do campo,37.7167,-25.4333,19.23,99,100,5.16,PT,1702953970
313,tres palos,18.1833,-101.6167,21.61,92,10,1.51,MX,1702953970
314,chulakkurgan,43.765,69.1814,-1.38,79,37,7.13,KZ,1702953970
315,lerwick,60.1545,-1.1494,7.0,67,54,10.89,GB,1702954070
316,promyshlennaya,54.9159,85.6385,-20.77,83,82,3.78,RU,1702953970
317,selfoss,63.9331,-20.9971,1.03,83,100,2.92,IS,1702953970
318,ribeira brava,32.65,-17.0667,18.35,76,2,3.09,PT,1702953970
319,luumaki,60.9262,27.5814,1.29,98,100,4.25,FI,1702953970
320,yorkton,51.2167,-102.4677,-5.09,86,100,4.63,CA,1702953970
321,mersing,2.4312,103.8405,25.95,94,20,3.09,MY,1702953970
322,dwarka,22.2394,68.9678,22.43,55,67,8.31,IN,1702953970
323,mosjoen,65.836,13.1908,2.29,87,40,3.6,NO,1702953548
324,hagere hiywet,8.9833,37.85,14.43,68,72,1.36,ET,1702953971
325,sao vicente,-23.9631,-46.3919,27.1,26,83,1.23,BR,1702953971
326,pala,9.3642,14.9046,21.88,26,100,2.68,TD,1702953971
327,greenville,35.6127,-77.3663,9.02,69,100,3.09,US,1702953944
328,denkanikota,12.5333,77.8,20.18,82,47,4.01,IN,1702953971
329,banjar,-8.19,114.9675,30.99,49,83,2.68,ID,1702953971
330,altai,46.3722,96.2583,-26.07,64,0,0.89,MN,1702953971
331,east ballina,-28.8667,153.5833,27.61,64,61,8.09,AU,1702954071
332,melekeok village,7.4957,134.6367,30.31,74,75,5.14,PW,1702953971
333,crane,31.3974,-102.3501,11.44,50,100,4.12,US,1702954071
334,boyalik,41.2634,28.6314,5.43,67,0,1.04,TR,1702953971
335,guiuan,11.0333,125.7247,27.23,84,97,7.72,PH,1702953971
336,sabha,27.0377,14.4283,10.39,61,0,5.18,LY,1702953971
337,laguna,38.421,-121.4238,15.52,87,100,4.12,US,1702954072
338,zhezqazghan,47.7833,67.7667,-7.68,86,100,9.0,KZ,1702953681
339,walvis bay,-22.9575,14.5053,16.72,88,97,5.66,NA,1702953971
340,newman,37.3138,-121.0208,16.13,91,100,1.34,US,1702953971
341,salekhard,66.53,66.6019,-13.62,95,100,5.24,RU,1702954072
342,moissala,8.3404,17.7663,22.99,28,100,2.07,TD,1702953972
343,iskateley,67.6803,53.1512,-11.66,93,98,6.71,RU,1702954072
344,swift current,50.2834,-107.8014,3.45,56,100,3.09,CA,1702953972
345,srandakan,-7.9386,110.2506,29.14,53,79,3.12,ID,1702953972
346,nova russas,-4.7067,-40.5631,24.94,84,100,1.35,BR,1702953972
347,tazovsky,67.4667,78.7,-14.52,89,100,8.9,RU,1702954073
348,wynyard,-41.0,145.7167,19.08,37,6,5.42,AU,1702954073
349,sangkhla buri,15.1555,98.4536,29.61,50,52,0.79,TH,1702953972
350,villa gesell,-37.2639,-56.973,13.92,65,52,9.05,AR,1702954019
351,elena,42.9333,25.8833,1.1,72,0,0.78,BG,1702953972
352,al ghayzah,16.2079,52.176,20.52,50,2,3.47,YE,1702953972
353,prairie du chien,43.0517,-91.1412,-6.99,63,0,0.0,US,1702953973
354,paulden,34.8856,-112.4682,15.1,24,100,2.24,US,1702953973
355,ak-suu,42.4995,78.527,-3.51,67,100,1.96,KG,1702953973
356,at taj,24.2049,23.2857,10.41,82,60,4.62,LY,1702954073
357,koubia,11.5833,-11.9,15.26,29,71,0.97,GN,1702953973
358,ketchikan,55.3422,-131.6461,5.99,75,100,4.12,US,1702954073
359,sarangani,5.4033,125.4636,28.22,77,74,4.03,PH,1702953973
360,el vigia,8.6219,-71.6506,25.79,82,52,1.64,VE,1702953973
361,santa cruz del norte,23.1539,-81.9236,21.65,66,1,6.46,CU,1702953973
362,safi,32.1667,-8.8333,8.47,76,0,2.27,MA,1702953714
363,monforte de lemos,42.5216,-7.5142,5.32,78,1,0.98,ES,1702953973
364,guerrero negro,27.9769,-114.0611,19.43,62,61,4.74,MX,1702954073
365,paro,27.4305,89.4133,10.86,26,21,1.08,BT,1702953973
366,pace,30.5994,-87.1611,12.66,75,0,2.57,US,1702953973
367,afaahiti,-17.75,-149.2833,27.93,83,100,4.35,PF,1702954073
368,hasaki,35.7333,140.8333,7.22,82,100,6.72,JP,1702954074
369,khilok,51.3674,110.4676,-22.96,83,100,2.28,RU,1702953974
370,ilhabela,-23.7781,-45.3581,23.79,91,37,4.09,BR,1702954074
371,fortuna,40.5982,-124.1573,15.19,94,100,11.83,US,1702954074
372,oroqen zizhiqi,50.5667,123.7167,-24.21,70,44,1.66,CN,1702953974
373,bahia honda,22.9036,-83.1592,20.96,68,2,5.26,CU,1702953974
374,tazacorte,28.629,-17.9293,17.54,68,75,4.63,ES,1702954075
375,slave lake,55.2834,-114.769,-2.01,69,75,1.54,CA,1702953974
376,giddalur,15.35,78.9167,21.38,83,63,2.05,IN,1702953974
377,chasong,41.4608,126.6414,-9.94,87,100,0.73,KP,1702953974
378,erenhot,43.6475,111.9767,-20.84,88,49,3.31,CN,1702953974
379,lae,-6.7221,146.9847,32.37,77,100,4.34,PG,1702953974
380,tucumcari,35.1717,-103.725,3.91,70,0,3.09,US,1702953974
381,roxas,11.5853,122.7511,26.75,85,100,6.24,PH,1702954075
382,san jose del cabo,23.0589,-109.6977,25.41,70,40,2.06,MX,1702953964
383,taoudenni,22.6783,-3.9836,10.1,40,23,5.7,ML,1702954075
384,zhalantun,48.0,122.7167,-23.15,75,63,3.53,CN,1702953975
385,wewak,-3.5534,143.6268,28.39,79,94,3.65,PG,1702953975
386,weyburn,49.6668,-103.8511,-1.88,74,100,1.03,CA,1702953975
387,mahilyow,53.9139,30.3364,1.56,100,100,4.69,BY,1702953975
388,muzambinho,-21.3758,-46.5256,19.68,70,61,1.89,BR,1702953975
389,kone,-21.0595,164.8658,28.82,62,90,2.44,NC,1702954075
390,shenjiamen,29.9576,122.298,9.43,92,100,10.34,CN,1702953975
391,nanakuli,21.3906,-158.1547,22.47,85,75,2.57,US,1702953975
392,paradip garh,20.3167,86.6167,20.74,48,22,5.56,IN,1702954075
393,farafangana,-22.8167,47.8333,23.4,88,42,3.28,MG,1702953975
394,mount gambier,-37.8333,140.7667,17.93,42,4,5.73,AU,1702953959
395,mendefera,14.8872,38.8153,13.01,81,31,1.76,ER,1702953975
396,inirida,3.8653,-67.9239,23.72,96,99,1.04,CO,1702953975
397,toamasina,-18.1667,49.3833,25.0,100,40,1.03,MG,1702953975
398,ingeniero jacobacci,-41.3427,-69.5448,13.41,31,74,6.36,AR,1702953976
399,stropkov,49.2021,21.6522,1.94,98,97,2.33,SK,1702953976
400,kapa'a,22.0752,-159.319,26.99,78,75,10.29,US,1702953939
401,anloga,5.7947,0.8973,27.38,82,99,4.72,GH,1702953976
402,pacific grove,36.6177,-121.9166,16.48,90,100,2.68,US,1702953818
403,santiago de cao,-7.9589,-79.2392,21.07,83,40,4.63,PE,1702953976
404,bridgewater,44.3835,-64.5155,13.95,98,100,18.52,CA,1702954077
405,bubaque,11.2833,-15.8333,26.86,45,100,8.21,GW,1702953976
406,al bawiti,28.3492,28.8659,12.04,89,38,3.52,EG,1702953976
407,dese,11.1333,39.6333,10.0,75,72,0.89,ET,1702953976
408,mogocha,53.7333,119.7667,-23.76,80,100,2.18,RU,1702953977
409,atbasar,51.8,68.3333,-3.56,96,100,4.11,KZ,1702953977
410,prabumulih,-3.45,104.25,28.07,84,87,0.44,ID,1702953977
411,serowe,-22.3833,26.7167,21.62,77,98,2.38,BW,1702953977
412,san antonio de pale,-1.4014,5.6325,27.29,78,97,3.57,GQ,1702954077
413,griffith,41.5284,-87.4237,-3.04,57,75,8.75,US,1702953977
414,surovikino,48.6078,42.8486,1.91,98,100,5.03,RU,1702953977
415,tauranga,-37.6861,176.1667,25.08,79,19,1.79,NZ,1702953977
416,ntcheu,-14.8203,34.6359,20.57,73,100,0.58,MW,1702953977
417,ponto novo,-10.8628,-40.1336,23.31,71,89,1.6,BR,1702953977
418,dauphin,51.1494,-100.0502,-2.92,74,0,10.8,CA,1702953977
419,moroni,-11.7022,43.2551,26.71,77,100,2.9,KM,1702953977
420,palopo,-2.9996,120.1921,27.61,84,100,0.95,ID,1702953978
421,usogorsk,63.4106,48.6872,-5.74,96,95,2.92,RU,1702953978
422,nadi,-17.8,177.4167,28.0,83,75,2.06,FJ,1702954032
423,tura,25.5198,90.2201,20.03,65,4,0.73,IN,1702954078
424,the pas,53.8251,-101.2541,-4.99,74,0,4.12,CA,1702953978
425,embu guacu,-23.8322,-46.8114,22.43,85,96,1.9,BR,1702953978
426,nar'yan-mar,67.6713,53.087,-11.61,93,97,6.71,RU,1702954078
427,queenstown,-31.8976,26.8753,11.28,93,76,1.6,ZA,1702953978
428,codrington,-38.2667,141.9667,17.18,47,14,7.42,AU,1702954078
429,camocim,-2.9022,-40.8411,26.04,86,100,3.49,BR,1702953978
430,ciudad lazaro cardenas,17.9583,-102.2,25.28,83,9,1.63,MX,1702953978
431,road town,18.4167,-64.6167,26.05,69,20,4.63,VG,1702953978
432,sarina,-21.4333,149.2167,31.26,42,41,4.32,AU,1702953978
433,prado,-17.3411,-39.2208,24.39,90,70,3.93,BR,1702954079
434,bermejo,-32.8833,-68.8,16.95,42,40,2.57,AR,1702953979
435,bossangoa,6.4926,17.4552,22.02,33,100,1.07,CF,1702953979
436,katsuura,35.1333,140.3,8.96,76,100,4.59,JP,1702953979
437,new norfolk,-42.7826,147.0587,17.98,48,76,2.67,AU,1702953979
438,dawei,14.0833,98.2,30.58,51,42,2.16,MM,1702953979
439,saint-francois,46.4154,3.9054,-2.31,100,100,2.57,FR,1702953862
440,peniche,39.3558,-9.3811,6.17,93,0,3.76,PT,1702953979
441,belmonte,-15.8631,-38.8828,24.84,85,10,3.32,BR,1702953979
442,peace river,56.2501,-117.286,-7.83,79,75,1.54,CA,1702953740
443,badr hunayn,23.7829,38.7905,20.63,38,13,0.44,SA,1702953979
444,maghar,32.8898,35.407,10.81,83,0,1.56,IL,1702953979
445,dabhol,17.6,73.1667,24.13,49,100,3.15,IN,1702953979
446,oban,56.4127,-5.4706,2.99,70,67,5.96,GB,1702953979
447,luderitz,-26.6481,15.1594,16.49,72,56,7.48,NA,1702954080
448,bairnsdale,-37.8333,147.6167,17.25,87,100,1.34,AU,1702953979
449,san marcos de colon,13.4333,-86.8,15.66,73,6,2.72,HN,1702953979
450,oranjemund,-28.55,16.4333,14.89,92,9,4.75,NA,1702953980
451,uzda,53.4627,27.2137,3.59,98,100,5.23,BY,1702953980
452,una,20.8167,71.0333,21.74,44,100,6.98,IN,1702953980
453,baotou,40.6522,109.8222,-18.41,75,6,2.48,CN,1702953980
454,malango,-2.9627,119.9001,24.27,84,100,0.81,ID,1702953980
455,corner brook,48.9667,-57.9484,10.09,81,100,10.8,CA,1702954080
456,tayu,-6.5397,111.0518,31.04,51,58,4.57,ID,1702953980
457,puerto gaitan,4.3133,-72.0816,26.08,82,83,1.28,CO,1702953980
458,merizo village,13.2658,144.6691,29.99,91,20,7.83,GU,1702953980
459,praia da vitoria,38.7333,-27.0667,14.86,94,75,11.78,PT,1702954080
460,bandar-e lengeh,26.5579,54.8807,17.06,48,0,2.06,IR,1702953980
461,jinchang,38.4953,102.1739,-11.09,68,91,0.84,CN,1702953980
462,lensk,60.7253,114.9278,-30.54,94,100,3.8,RU,1702953980
463,kiruna,67.8557,20.2251,-6.49,86,100,2.06,SE,1702953980
464,undurkhaan,47.3194,110.6556,-29.59,89,23,1.85,MN,1702953980
465,camiri,-20.05,-63.5167,20.98,96,100,1.4,BO,1702953980
466,buka,40.8108,69.1986,2.76,84,100,2.15,UZ,1702953980
467,mount isa,-20.7333,139.5,37.87,32,2,5.14,AU,1702954081
468,yeppoon,-23.1333,150.7333,31.88,61,11,5.4,AU,1702953981
469,shingu,33.7333,135.9833,11.94,45,43,2.25,JP,1702953981
470,kragero,58.8693,9.4149,6.36,58,2,8.22,NO,1702953981
471,nchelenge,-9.3451,28.734,22.06,87,96,0.5,ZM,1702953981
472,nagqu,31.5,92.0,-19.13,65,3,0.82,CN,1702954082
473,port augusta,-32.5,137.7667,24.1,33,29,11.76,AU,1702954082
474,saudarkrokur,65.7461,-19.6394,-1.66,96,100,1.83,IS,1702953981
475,orcopampa,-15.2661,-72.3417,8.69,71,100,2.7,PE,1702953981
476,yuzhno-kurilsk,44.0306,145.8556,-2.57,76,100,6.37,RU,1702953981
477,kununurra,-15.7667,128.7333,37.99,47,38,3.6,AU,1702954082
478,quatre cocos,-20.2078,57.7625,26.16,78,93,3.73,MU,1702954082
479,price,39.5994,-110.8107,1.18,64,0,3.09,US,1702953981
480,glace bay,46.1969,-59.957,13.21,88,100,12.86,CA,1702953981
481,mugia,43.1041,-9.2179,5.51,77,74,1.53,ES,1702954082
482,saldanha,-33.0117,17.9442,14.03,82,2,6.7,ZA,1702953981
483,tan-tan,28.438,-11.1032,12.61,49,0,1.64,MA,1702953981
484,nova vicosa,-17.8919,-39.3719,25.01,86,95,4.55,BR,1702954082
485,karratha,-20.7377,116.8463,30.53,42,1,5.7,AU,1702954082
486,labrador city,52.9463,-66.9114,5.95,93,100,10.29,CA,1702953912
487,hosanagara,13.9167,75.0667,21.44,72,95,4.63,IN,1702953983
488,kingston,17.997,-76.7936,26.53,78,20,7.2,JM,1702953812
489,acapulco de juarez,16.8634,-99.8901,25.62,84,4,2.01,MX,1702954082
490,selizharovo,56.8519,33.4487,1.25,100,100,3.34,RU,1702953983
491,hirara,24.8,125.2833,25.92,69,75,5.66,JP,1702953983
492,hithadhoo,-0.6,73.0833,27.79,76,48,2.58,MV,1702954082
493,juankoski,63.0667,28.35,-0.42,98,100,2.72,FI,1702953983
494,dongcun,36.7767,121.1597,-1.02,65,2,7.07,CN,1702953983
495,caarapo,-22.6342,-54.8222,25.85,59,57,1.03,BR,1702953983
496,numaligarh,26.6333,93.75,19.08,67,3,1.58,IN,1702953983
497,sinabang,2.4803,96.3801,28.47,75,96,2.23,ID,1702954083
498,kaa-khem,51.6833,94.7333,-37.55,93,28,0.97,RU,1702954083
499,tlanchinol,20.9833,-98.65,9.83,90,97,0.66,MX,1702953983
500,papao,-17.75,-149.55,28.82,73,100,1.43,PF,1702953983
501,santa cruz,-17.8,-63.1667,27.7,78,75,5.14,BO,1702953904
502,ejura,7.3856,-1.3562,22.53,24,20,0.72,GH,1702953983
503,santa elena,-2.2333,-80.85,24.75,88,75,4.63,EC,1702953984
504,ongjin,37.9347,125.3619,0.38,81,92,3.34,KP,1702953984
505,stephenville,32.2207,-98.2023,9.31,57,0,0.0,US,1702953984
506,juan de ayolas,-27.4,-56.9,23.35,92,92,3.69,PY,1702953984
507,shache,38.4167,77.2406,-4.31,44,100,1.28,CN,1702953984
508,itoman,26.1247,127.6694,25.22,66,20,6.17,JP,1702954084
509,nadym,65.5333,72.5167,-14.27,92,100,8.94,RU,1702954084
510,waycross,31.2136,-82.354,11.14,74,0,2.57,US,1702953984
511,cardenas,23.0375,-81.2047,21.42,67,0,4.65,CU,1702953984
512,olinda,-8.0089,-34.8553,26.85,78,40,4.12,BR,1702953915
513,rongelap,11.1635,166.8941,27.14,76,22,9.46,MH,1702954084
514,bandar-e anzali,37.4727,49.4622,6.06,70,100,0.9,IR,1702953984
515,kristiansand,58.1467,7.9956,7.01,66,86,6.69,NO,1702953984
516,benghazi,32.1167,20.0667,15.09,69,7,4.13,LY,1702953984
517,ocean pines,38.3954,-75.1557,7.26,65,84,5.14,US,1702953984
518,namibe,-15.1961,12.1522,22.56,82,93,1.96,AO,1702954084
519,tokar,18.4254,37.729,25.23,77,1,5.52,SD,1702953984
520,at-bashi,41.1702,75.8106,-7.62,68,100,0.32,KG,1702953985
521,terbanggi besar,-4.8667,105.2333,30.47,56,100,3.66,ID,1702953985
522,tangalle,6.024,80.7911,25.09,82,59,5.77,LK,1702953985
523,nakamura,32.9833,132.9333,6.99,90,100,1.39,JP,1702953985
524,sakon nakhon,17.3333,103.8333,23.95,58,67,2.5,TH,1702953985
525,zhangye,38.9342,100.4517,-12.11,71,49,1.06,CN,1702953985
526,mary,37.0,62.5,4.31,66,100,3.03,TM,1702953985
527,ponta delgada,37.7333,-25.6667,19.4,88,75,4.63,PT,1702953985
528,harmanli,41.9333,25.9,4.06,77,0,0.76,BG,1702953985
529,novoul'yanovsk,54.1496,48.3891,-1.25,93,100,4.92,RU,1702953985
530,novosmolinskiy,56.2841,43.0507,-0.25,92,100,2.7,RU,1702953985
531,la libertad,-2.2333,-80.9,24.81,88,75,4.63,EC,1702953985
532,hassi messaoud,31.6804,6.0729,7.92,100,75,2.57,DZ,1702954086
533,burang,30.25,81.1667,-9.47,65,0,2.66,CN,1702954086
534,puerto san jose,13.9256,-90.8244,23.73,65,14,2.56,GT,1702953936
535,masina,-4.3836,15.3914,22.37,95,99,0.36,CD,1702953985
536,san jose del guaviare,2.5729,-72.6459,23.24,97,92,0.73,CO,1702953985
537,djougou,9.7085,1.666,21.7,21,6,2.94,BJ,1702953986
538,birobidzhan,48.8,132.95,-26.21,80,14,1.25,RU,1702953986
539,bondo,3.8146,23.6866,21.28,60,100,0.72,CD,1702953986
540,gwio kura,12.6753,11.0682,19.23,26,33,3.81,NG,1702953986
541,greymouth,-42.4667,171.2,17.19,53,57,3.24,NZ,1702954086
542,saint-pierre,-21.3393,55.4781,26.82,57,0,3.6,RE,1702954086
543,barghat,22.0333,79.7167,14.21,44,89,4.53,IN,1702953986
544,kaoma,-14.7833,24.8,18.52,99,100,1.53,ZM,1702953986
545,nowshahr,36.649,51.496,4.97,100,20,0.0,IR,1702953986
546,kismayo,-0.3582,42.5454,27.16,81,80,6.74,SO,1702953986
547,vodice,43.7608,15.7828,5.98,56,0,1.95,HR,1702953986
548,vilhena,-12.7406,-60.1458,23.91,69,93,1.4,BR,1702953986
549,livermore,37.6819,-121.768,16.27,93,100,0.45,US,1702953601
550,xilin hot,43.9667,116.0333,-24.04,84,70,2.42,CN,1702954086
551,carbonear,47.7332,-53.2148,7.35,88,100,8.51,CA,1702953986
552,niimi,34.9833,133.4667,6.41,66,99,1.87,JP,1702953986
553,dukku,10.8231,10.7717,18.19,32,36,2.98,NG,1702953987
554,stettler,52.3168,-112.7186,0.86,100,97,4.12,CA,1702953987
555,bafq,31.6128,55.4107,6.84,39,61,0.51,IR,1702953987
556,karayazi,39.7028,42.1456,-11.31,79,4,1.45,TR,1702953987
557,rubizhne,49.0123,38.3797,1.51,100,100,2.39,UA,1702953987
558,alaghsas,17.0187,8.0168,16.95,26,38,2.65,NE,1702953987
559,guangyuan,32.442,105.823,7.04,64,81,0.96,CN,1702953987
560,bafra,41.5678,35.9069,8.85,58,100,2.0,TR,1702953987
561,isla mujeres,21.2311,-86.731,18.03,60,16,6.51,MX,1702953987
562,aguilas,37.4063,-1.5829,9.61,70,0,2.28,ES,1702953987
